,SCHOOL_id,CLASS_id,SECTION_id,ROLL,TEST_id,Status,ANSWERS
0,"['X', 'X', 'X', 'X', 'X']","['X', 'X']","['X', 'X']","['X', 'X']","['X', 'X']",Check X,"['NA', 'NA', 'NA', 'NA', 'NA', 'NA', 'NA', 'NA', 'NA', 'NA', 'NA', 'NA', 'NA', 'NA', 'NA', 'NA', 'NA', 'NA', 'NA', 'NA', 'NA', 'NA', 'NA', 'NA', 'NA', 'NA', 'NA', 'NA', 'NA', 'NA', 'NA', 'NA', 'NA', 'NA', 'NA', 'NA', 'NA', 'NA', 'NA', 'NA', 'NA', 'NA', 'NA', 'NA', 'NA', 'NA', 'NA', 'NA', 'NA', 'NA']"
1,"['X', 'X', 'X', 'X', 'X']","['X', 'X']","['X', 'X']","['X', 'X']","['X', 'X']",Check X,"['NA', 'NA', 'NA', 'NA', 'NA', 'NA', 'NA', 'NA', 'NA', 'NA', 'NA', 'NA', 'NA', 'NA', 'NA', 'NA', 'NA', 'NA', 'NA', 'NA', 'NA', 'NA', 'NA', 'NA', 'NA', 'NA', 'NA', 'NA', 'NA', 'NA', 'NA', 'NA', 'NA', 'NA', 'NA', 'NA', 'NA', 'NA', 'NA', 'NA', 'NA', 'NA', 'NA', 'NA', 'NA', 'NA', 'NA', 'NA', 'NA', 'NA']"
2,Flagged,Flagged,Flagged,Flagged,Flagged,Question Detection/Page Detection Error,Flagged
3,"['X', 'X', 'X', 'X', 'X']","['X', 'X']","['X', 'X']","['X', 'X']","['X', 'X']",Check X,"['NA', 'NA', 'NA', 'NA', 'NA', 'NA', 'NA', 'NA', 'NA', 'NA', 'NA', 'NA', 'NA', 'NA', 'NA', 'NA', 'NA', 'NA', 'NA', 'NA', 'NA', 'NA', 'NA', 'NA', 'NA', 'NA', 'NA', 'NA', 'NA', 'NA', 'NA', 'NA', 'NA', 'NA', 'NA', 'NA', 'NA', 'NA', 'NA', 'NA', 'NA', 'NA', 'NA', 'NA', 'NA', 'NA', 'NA', 'NA', 'NA', 'NA']"
4,"['X', 'X', 'X', 'X', 'X']","['X', 'X']","['X', 'X']","['X', 'X']","['X', 'X']",Check X,"['NA', 'NA', 'NA', 'NA', 'NA', 'NA', 'NA', 'NA', 'NA', 'NA', 'NA', 'NA', 'NA', 'NA', 'NA', 'NA', 'NA', 'NA', 'NA', 'NA', 'NA', 'NA', 'NA', 'NA', 'NA', 'NA', 'NA', 'NA', 'NA', 'NA', 'NA', 'NA', 'NA', 'NA', 'NA', 'NA', 'NA', 'NA', 'NA', 'NA', 'NA', 'NA', 'NA', 'NA', 'NA', 'NA', 'NA', 'NA', 'NA', 'NA']"
5,"['X', 'X', 'X', 'X', 'X']","['X', 'X']","['X', 'X']","['X', 'X']","['X', 'X']",Check X,"['NA', 'NA', 'NA', 'NA', 'NA', 'NA', 'NA', 'NA', 'NA', 'NA', 'NA', 'NA', 'NA', 'NA', 'NA', 'NA', 'NA', 'NA', 'NA', 'NA', 'NA', 'NA', 'NA', 'NA', 'NA', 'NA', 'NA', 'NA', 'NA', 'NA', 'NA', 'NA', 'NA', 'NA', 'NA', 'NA', 'NA', 'NA', 'NA', 'NA', 'NA', 'NA', 'NA', 'NA', 'NA', 'NA', 'NA', 'NA', 'NA', 'NA']"
6,"['X', 'X', 'X', 'X', 'X']","['X', 'X']","['X', 'X']","['X', 'X']","['X', 'X']",Check X,"['NA', 'NA', 'NA', 'NA', 'NA', 'NA', 'NA', 'NA', 'NA', 'NA', 'NA', 'NA', 'NA', 'NA', 'NA', 'NA', 'NA', 'NA', 'NA', 'NA', 'NA', 'NA', 'NA', 'NA', 'NA', 'NA', 'NA', 'NA', 'NA', 'NA', 'NA', 'NA', 'NA', 'NA', 'NA', 'NA', 'NA', 'NA', 'NA', 'NA', 'NA', 'NA', 'NA', 'NA', 'NA', 'NA', 'NA', 'NA', 'NA', 'NA']"
7,"['X', 'X', 'X', 'X', 'X']","['X', 'X']","['X', 'X']","['X', 'X']","['X', 'X']",Check X,"['NA', 'NA', 'NA', 'NA', 'NA', 'NA', 'NA', 'NA', 'NA', 'NA', 'NA', 'NA', 'NA', 'NA', 'NA', 'NA', 'NA', 'NA', 'NA', 'NA', 'NA', 'NA', 'NA', 'NA', 'NA', 'NA', 'NA', 'NA', 'NA', 'NA', 'NA', 'NA', 'NA', 'NA', 'NA', 'NA', 'NA', 'NA', 'NA', 'NA', 'NA', 'NA', 'NA', 'NA', 'NA', 'NA', 'NA', 'NA', 'NA', 'NA']"
8,"['X', 'X', 'X', 'X', 'X']","['X', 'X']","['X', 'X']","['X', 'X']","['X', 'X']",Check X,"['NA', 'NA', 'NA', 'NA', 'NA', 'NA', 'NA', 'NA', 'NA', 'NA', 'NA', 'NA', 'NA', 'NA', 'NA', 'NA', 'NA', 'NA', 'NA', 'NA', 'NA', 'NA', 'NA', 'NA', 'NA', 'NA', 'NA', 'NA', 'NA', 'NA', 'NA', 'NA', 'NA', 'NA', 'NA', 'NA', 'NA', 'NA', 'NA', 'NA', 'NA', 'NA', 'NA', 'NA', 'NA', 'NA', 'NA', 'NA', 'NA', 'NA']"
9,"['X', 'X', 'X', 'X', 'X']","['X', 'X']","['X', 'X']","['X', 'X']","['X', 'X']",Check X,"['NA', 'NA', 'NA', 'NA', 'NA', 'NA', 'NA', 'NA', 'NA', 'NA', 'NA', 'NA', 'NA', 'NA', 'NA', 'NA', 'NA', 'NA', 'NA', 'NA', 'NA', 'NA', 'NA', 'NA', 'NA', 'NA', 'NA', 'NA', 'NA', 'NA', 'NA', 'NA', 'NA', 'NA', 'NA', 'NA', 'NA', 'NA', 'NA', 'NA', 'NA', 'NA', 'NA', 'NA', 'NA', 'NA', 'NA', 'NA', 'NA', 'NA']"
10,"['X', 'X', 'X', 'X', 'X']","['X', 'X']","['X', 'X']","['X', 'X']","['X', 'X']",Check X,"['NA', 'NA', 'NA', 'NA', 'NA', 'NA', 'NA', 'NA', 'NA', 'NA', 'NA', 'NA', 'NA', 'NA', 'NA', 'NA', 'NA', 'NA', 'NA', 'NA', 'NA', 'NA', 'NA', 'NA', 'NA', 'NA', 'NA', 'NA', 'NA', 'NA', 'NA', 'NA', 'NA', 'NA', 'NA', 'NA', 'NA', 'NA', 'NA', 'NA', 'NA', 'NA', 'NA', 'NA', 'NA', 'NA', 'NA', 'NA', 'NA', 'NA']"
11,"['X', 'X', 'X', 'X', 'X']","['X', 'X']","['X', 'X']","['X', 'X']","['X', 'X']",Check X,"['NA', 'NA', 'NA', 'NA', 'NA', 'NA', 'NA', 'NA', 'NA', 'NA', 'NA', 'NA', 'NA', 'NA', 'NA', 'NA', 'NA', 'NA', 'NA', 'NA', 'NA', 'NA', 'NA', 'NA', 'NA', 'NA', 'NA', 'NA', 'NA', 'NA', 'NA', 'NA', 'NA', 'NA', 'NA', 'NA', 'NA', 'NA', 'NA', 'NA', 'NA', 'NA', 'NA', 'NA', 'NA', 'NA', 'NA', 'NA', 'NA', 'NA']"
12,Flagged,Flagged,Flagged,Flagged,Flagged,Question Detection/Page Detection Error,Flagged
13,"['X', 'X', 'X', 'X', 'X']","['X', 'X']","['X', 'X']","['X', 'X']","['X', 'X']",Check X,"['NA', 'NA', 'NA', 'NA', 'NA', 'NA', 'NA', 'NA', 'NA', 'NA', 'NA', 'NA', 'NA', 'NA', 'NA', 'NA', 'NA', 'NA', 'NA', 'NA', 'NA', 'NA', 'NA', 'NA', 'NA', 'NA', 'NA', 'NA', 'NA', 'NA', 'NA', 'NA', 'NA', 'NA', 'NA', 'NA', 'NA', 'NA', 'NA', 'NA', 'NA', 'NA', 'NA', 'NA', 'NA', 'NA', 'NA', 'NA', 'NA', 'NA']"
14,"['X', 'X', 'X', 'X', 'X']","['X', 'X']","['X', 'X']","['X', 'X']","['X', 'X']",Check X,"['NA', 'NA', 'NA', 'NA', 'NA', 'NA', 'NA', 'NA', 'NA', 'NA', 'NA', 'NA', 'NA', 'NA', 'NA', 'NA', 'NA', 'NA', 'NA', 'NA', 'NA', 'NA', 'NA', 'NA', 'NA', 'NA', 'NA', 'NA', 'NA', 'NA', 'NA', 'NA', 'NA', 'NA', 'NA', 'NA', 'NA', 'NA', 'NA', 'NA', 'NA', 'NA', 'NA', 'NA', 'NA', 'NA', 'NA', 'NA', 'NA', 'NA']"
15,"['X', 'X', 'X', 'X', 'X']","['X', 'X']","['X', 'X']","['X', 'X']","['X', 'X']",Check X,"['NA', 'NA', 'NA', 'NA', 'NA', 'NA', 'NA', 'NA', 'NA', 'NA', 'NA', 'NA', 'NA', 'NA', 'NA', 'NA', 'NA', 'NA', 'NA', 'NA', 'NA', 'NA', 'NA', 'NA', 'NA', 'NA', 'NA', 'NA', 'NA', 'NA', 'NA', 'NA', 'NA', 'NA', 'NA', 'NA', 'NA', 'NA', 'NA', 'NA', 'NA', 'NA', 'NA', 'NA', 'NA', 'NA', 'NA', 'NA', 'NA', 'NA']"
16,"['X', 'X', 'X', 'X', 'X']","['X', 'X']","['X', 'X']","['X', 'X']","['X', 'X']",Check X,"['NA', 'NA', 'NA', 'NA', 'NA', 'NA', 'NA', 'NA', 'NA', 'NA', 'NA', 'NA', 'NA', 'NA', 'NA', 'NA', 'NA', 'NA', 'NA', 'NA', 'NA', 'NA', 'NA', 'NA', 'NA', 'NA', 'NA', 'NA', 'NA', 'NA', 'NA', 'NA', 'NA', 'NA', 'NA', 'NA', 'NA', 'NA', 'NA', 'NA', 'NA', 'NA', 'NA', 'NA', 'NA', 'NA', 'NA', 'NA', 'NA', 'NA']"
17,"['X', 'X', 'X', 'X', 'X']","['X', 'X']","['X', 'X']","['X', 'X']","['X', 'X']",Check X,"['NA', 'NA', 'NA', 'NA', 'NA', 'NA', 'NA', 'NA', 'NA', 'NA', 'NA', 'NA', 'NA', 'NA', 'NA', 'NA', 'NA', 'NA', 'NA', 'NA', 'NA', 'NA', 'NA', 'NA', 'NA', 'NA', 'NA', 'NA', 'NA', 'NA', 'NA', 'NA', 'NA', 'NA', 'NA', 'NA', 'NA', 'NA', 'NA', 'NA', 'NA', 'NA', 'NA', 'NA', 'NA', 'NA', 'NA', 'NA', 'NA', 'NA']"
18,"['X', 'X', 'X', 'X', 'X']","['X', 'X']","['X', 'X']","['X', 'X']","['X', 'X']",Check X,"['NA', 'NA', 'NA', 'NA', 'NA', 'NA', 'NA', 'NA', 'NA', 'NA', 'NA', 'NA', 'NA', 'NA', 'NA', 'NA', 'NA', 'NA', 'NA', 'NA', 'NA', 'NA', 'NA', 'NA', 'NA', 'NA', 'NA', 'NA', 'NA', 'NA', 'NA', 'NA', 'NA', 'NA', 'NA', 'NA', 'NA', 'NA', 'NA', 'NA', 'NA', 'NA', 'NA', 'NA', 'NA', 'NA', 'NA', 'NA', 'NA', 'NA']"
19,"['X', 'X', 'X', 'X', 'X']","['X', 'X']","['X', 'X']","['X', 'X']","['X', 'X']",Check X,"['NA', 'NA', 'NA', 'NA', 'NA', 'NA', 'NA', 'NA', 'NA', 'NA', 'NA', 'NA', 'NA', 'NA', 'NA', 'NA', 'NA', 'NA', 'NA', 'NA', 'NA', 'NA', 'NA', 'NA', 'NA', 'NA', 'NA', 'NA', 'NA', 'NA', 'NA', 'NA', 'NA', 'NA', 'NA', 'NA', 'NA', 'NA', 'NA', 'NA', 'NA', 'NA', 'NA', 'NA', 'NA', 'NA', 'NA', 'NA', 'NA', 'NA']"
20,"['X', 'X', 'X', 'X', 'X']","['X', 'X']","['X', 'X']","['X', 'X']","['X', 'X']",Check X,"['NA', 'NA', 'NA', 'NA', 'NA', 'NA', 'NA', 'NA', 'NA', 'NA', 'NA', 'NA', 'NA', 'NA', 'NA', 'NA', 'NA', 'NA', 'NA', 'NA', 'NA', 'NA', 'NA', 'NA', 'NA', 'NA', 'NA', 'NA', 'NA', 'NA', 'NA', 'NA', 'NA', 'NA', 'NA', 'NA', 'NA', 'NA', 'NA', 'NA', 'NA', 'NA', 'NA', 'NA', 'NA', 'NA', 'NA', 'NA', 'NA', 'NA']"
21,"['X', 'X', 'X', 'X', 'X']","['X', 'X']","['X', 'X']","['X', 'X']","['X', 'X']",Check X,"['NA', 'NA', 'NA', 'NA', 'NA', 'NA', 'NA', 'NA', 'NA', 'NA', 'NA', 'NA', 'NA', 'NA', 'NA', 'NA', 'NA', 'NA', 'NA', 'NA', 'NA', 'NA', 'NA', 'NA', 'NA', 'NA', 'NA', 'NA', 'NA', 'NA', 'NA', 'NA', 'NA', 'NA', 'NA', 'NA', 'NA', 'NA', 'NA', 'NA', 'NA', 'NA', 'NA', 'NA', 'NA', 'NA', 'NA', 'NA', 'NA', 'NA']"
22,"['X', 'X', 'X', 'X', 'X']","['X', 'X']","['X', 'X']","['X', 'X']","['X', 'X']",Check X,"['NA', 'NA', 'NA', 'NA', 'NA', 'NA', 'NA', 'NA', 'NA', 'NA', 'NA', 'NA', 'NA', 'NA', 'NA', 'NA', 'NA', 'NA', 'NA', 'NA', 'NA', 'NA', 'NA', 'NA', 'NA', 'NA', 'NA', 'NA', 'NA', 'NA', 'NA', 'NA', 'NA', 'NA', 'NA', 'NA', 'NA', 'NA', 'NA', 'NA', 'NA', 'NA', 'NA', 'NA', 'NA', 'NA', 'NA', 'NA', 'NA', 'NA']"
23,"['X', 'X', 'X', 'X', 'X']","['X', 'X']","['X', 'X']","['X', 'X']","['X', 'X']",Check X,"['NA', 'NA', 'NA', 'NA', 'NA', 'NA', 'NA', 'NA', 'NA', 'NA', 'NA', 'NA', 'NA', 'NA', 'NA', 'NA', 'NA', 'NA', 'NA', 'NA', 'NA', 'NA', 'NA', 'NA', 'NA', 'NA', 'NA', 'NA', 'NA', 'NA', 'NA', 'NA', 'NA', 'NA', 'NA', 'NA', 'NA', 'NA', 'NA', 'NA', 'NA', 'NA', 'NA', 'NA', 'NA', 'NA', 'NA', 'NA', 'NA', 'NA']"
24,"['X', 'X', 'X', 'X', 'X']","['X', 'X']","['X', 'X']","['X', 'X']","['X', 'X']",Check X,"['NA', 'NA', 'NA', 'NA', 'NA', 'NA', 'NA', 'NA', 'NA', 'NA', 'NA', 'NA', 'NA', 'NA', 'NA', 'NA', 'NA', 'NA', 'NA', 'NA', 'NA', 'NA', 'NA', 'NA', 'NA', 'NA', 'NA', 'NA', 'NA', 'NA', 'NA', 'NA', 'NA', 'NA', 'NA', 'NA', 'NA', 'NA', 'NA', 'NA', 'NA', 'NA', 'NA', 'NA', 'NA', 'NA', 'NA', 'NA', 'NA', 'NA']"
25,"['X', 'X', 'X', 'X', 'X']","['X', 'X']","['X', 'X']","['X', 'X']","['X', 'X']",Check X,"['NA', 'NA', 'NA', 'NA', 'NA', 'NA', 'NA', 'NA', 'NA', 'NA', 'NA', 'NA', 'NA', 'NA', 'NA', 'NA', 'NA', 'NA', 'NA', 'NA', 'NA', 'NA', 'NA', 'NA', 'NA', 'NA', 'NA', 'NA', 'NA', 'NA', 'NA', 'NA', 'NA', 'NA', 'NA', 'NA', 'NA', 'NA', 'NA', 'NA', 'NA', 'NA', 'NA', 'NA', 'NA', 'NA', 'NA', 'NA', 'NA', 'NA']"
26,"['X', 'X', 'X', 'X', 'X']","['X', 'X']","['X', 'X']","['X', 'X']","['X', 'X']",Check X,"['NA', 'NA', 'NA', 'NA', 'NA', 'NA', 'NA', 'NA', 'NA', 'NA', 'NA', 'NA', 'NA', 'NA', 'NA', 'NA', 'NA', 'NA', 'NA', 'NA', 'NA', 'NA', 'NA', 'NA', 'NA', 'NA', 'NA', 'NA', 'NA', 'NA', 'NA', 'NA', 'NA', 'NA', 'NA', 'NA', 'NA', 'NA', 'NA', 'NA', 'NA', 'NA', 'NA', 'NA', 'NA', 'NA', 'NA', 'NA', 'NA', 'NA']"
27,"['X', 'X', 'X', 'X', 'X']","['X', 'X']","['X', 'X']","['X', 'X']","['X', 'X']",Check X,"['NA', 'NA', 'NA', 'NA', 'NA', 'NA', 'NA', 'NA', 'NA', 'NA', 'NA', 'NA', 'NA', 'NA', 'NA', 'NA', 'NA', 'NA', 'NA', 'NA', 'NA', 'NA', 'NA', 'NA', 'NA', 'NA', 'NA', 'NA', 'NA', 'NA', 'NA', 'NA', 'NA', 'NA', 'NA', 'NA', 'NA', 'NA', 'NA', 'NA', 'NA', 'NA', 'NA', 'NA', 'NA', 'NA', 'NA', 'NA', 'NA', 'NA']"
28,"['X', 'X', 'X', 'X', 'X']","['X', 'X']","['X', 'X']","['X', 'X']","['X', 'X']",Check X,"['NA', 'NA', 'NA', 'NA', 'NA', 'NA', 'NA', 'NA', 'NA', 'NA', 'NA', 'NA', 'NA', 'NA', 'NA', 'NA', 'NA', 'NA', 'NA', 'NA', 'NA', 'NA', 'NA', 'NA', 'NA', 'NA', 'NA', 'NA', 'NA', 'NA', 'NA', 'NA', 'NA', 'NA', 'NA', 'NA', 'NA', 'NA', 'NA', 'NA', 'NA', 'NA', 'NA', 'NA', 'NA', 'NA', 'NA', 'NA', 'NA', 'NA']"
29,"['X', 'X', 'X', 'X', 'X']","['X', 'X']","['X', 'X']","['X', 'X']","['X', 'X']",Check X,"['NA', 'NA', 'NA', 'NA', 'NA', 'NA', 'NA', 'NA', 'NA', 'NA', 'NA', 'NA', 'NA', 'NA', 'NA', 'NA', 'NA', 'NA', 'NA', 'NA', 'NA', 'NA', 'NA', 'NA', 'NA', 'NA', 'NA', 'NA', 'NA', 'NA', 'NA', 'NA', 'NA', 'NA', 'NA', 'NA', 'NA', 'NA', 'NA', 'NA', 'NA', 'NA', 'NA', 'NA', 'NA', 'NA', 'NA', 'NA', 'NA', 'NA']"
30,"['X', 'X', 'X', 'X', 'X']","['X', 'X']","['X', 'X']","['X', 'X']","['X', 'X']",Check X,"['NA', 'NA', 'NA', 'NA', 'NA', 'NA', 'NA', 'NA', 'NA', 'NA', 'NA', 'NA', 'NA', 'NA', 'NA', 'NA', 'NA', 'NA', 'NA', 'NA', 'NA', 'NA', 'NA', 'NA', 'NA', 'NA', 'NA', 'NA', 'NA', 'NA', 'NA', 'NA', 'NA', 'NA', 'NA', 'NA', 'NA', 'NA', 'NA', 'NA', 'NA', 'NA', 'NA', 'NA', 'NA', 'NA', 'NA', 'NA', 'NA', 'NA']"
31,Flagged,Flagged,Flagged,Flagged,Flagged,Question Detection/Page Detection Error,Flagged
32,Flagged,Flagged,Flagged,Flagged,Flagged,Question Detection/Page Detection Error,Flagged
33,"['X', 'X', 'X', 'X', 'X']","['X', 'X']","['X', 'X']","['X', 'X']","['X', 'X']",Check X,"['NA', 'NA', 'NA', 'NA', 'NA', 'NA', 'NA', 'NA', 'NA', 'NA', 'NA', 'NA', 'NA', 'NA', 'NA', 'NA', 'NA', 'NA', 'NA', 'NA', 'NA', 'NA', 'NA', 'NA', 'NA', 'NA', 'NA', 'NA', 'NA', 'NA', 'NA', 'NA', 'NA', 'NA', 'NA', 'NA', 'NA', 'NA', 'NA', 'NA', 'NA', 'NA', 'NA', 'NA', 'NA', 'NA', 'NA', 'NA', 'NA', 'NA']"
34,"['X', 'X', 'X', 'X', 'X']","['X', 'X']","['X', 'X']","['X', 'X']","['X', 'X']",Check X,"['NA', 'NA', 'NA', 'NA', 'NA', 'NA', 'NA', 'NA', 'NA', 'NA', 'NA', 'NA', 'NA', 'NA', 'NA', 'NA', 'NA', 'NA', 'NA', 'NA', 'NA', 'NA', 'NA', 'NA', 'NA', 'NA', 'NA', 'NA', 'NA', 'NA', 'NA', 'NA', 'NA', 'NA', 'NA', 'NA', 'NA', 'NA', 'NA', 'NA', 'NA', 'NA', 'NA', 'NA', 'NA', 'NA', 'NA', 'NA', 'NA', 'NA']"
35,"['X', 'X', 'X', 'X', 'X']","['X', 'X']","['X', 'X']","['X', 'X']","['X', 'X']",Check X,"['NA', 'NA', 'NA', 'NA', 'NA', 'NA', 'NA', 'NA', 'NA', 'NA', 'NA', 'NA', 'NA', 'NA', 'NA', 'NA', 'NA', 'NA', 'NA', 'NA', 'NA', 'NA', 'NA', 'NA', 'NA', 'NA', 'NA', 'NA', 'NA', 'NA', 'NA', 'NA', 'NA', 'NA', 'NA', 'NA', 'NA', 'NA', 'NA', 'NA', 'NA', 'NA', 'NA', 'NA', 'NA', 'NA', 'NA', 'NA', 'NA', 'NA']"
36,"['X', 'X', 'X', 'X', 'X']","['X', 'X']","['X', 'X']","['X', 'X']","['X', 'X']",Check X,"['NA', 'NA', 'NA', 'NA', 'NA', 'NA', 'NA', 'NA', 'NA', 'NA', 'NA', 'NA', 'NA', 'NA', 'NA', 'NA', 'NA', 'NA', 'NA', 'NA', 'NA', 'NA', 'NA', 'NA', 'NA', 'NA', 'NA', 'NA', 'NA', 'NA', 'NA', 'NA', 'NA', 'NA', 'NA', 'NA', 'NA', 'NA', 'NA', 'NA', 'NA', 'NA', 'NA', 'NA', 'NA', 'NA', 'NA', 'NA', 'NA', 'NA']"
37,"['0', '1', '2', '3', '9']","['1', '2']","['3', '4']","['5', '6']","['8', '9']",Success,"['2', '2', '2', '2', '2', '2', '2', '2', 'NA', 'NA', 'NA', 'NA', 'NA', 'NA', 'NA', 'NA', 'NA', 'NA', '1', 'NA', '1', '1', '1', '1', 'NA', 'NA', 'NA', 'NA', 'NA', 'NA', 'NA', 'NA', 'NA', 'NA', 'NA', 'NA', 'NA', 'NA', 'NA', 'NA', 'NA', 'NA', 'NA', 'NA', 'NA', 'NA', 'NA', 'NA', 'NA', 'NA']"
38,Flagged,Flagged,Flagged,Flagged,Flagged,Question Detection/Page Detection Error,Flagged
39,"['0', '1', '2', '3', '9']","['1', '2']","['3', '4']","['5', '6']","['8', '9']",Success,"['2', '2', '2', '2', '2', '2', '2', '2', 'NA', 'NA', 'NA', 'NA', 'NA', 'NA', 'NA', 'NA', 'NA', 'NA', '1', 'NA', '1', '1', '1', '1', 'NA', 'NA', 'NA', 'NA', 'NA', 'NA', 'NA', 'NA', 'NA', 'NA', 'NA', 'NA', 'NA', 'NA', 'NA', 'NA', 'NA', 'NA', 'NA', 'NA', 'NA', 'NA', 'NA', 'NA', 'NA', 'NA']"
40,"['0', '1', '2', '3', '9']","['1', '2']","['3', '4']","['5', '6']","['8', '9']",Success,"['2', '2', '2', '2', '2', '2', '2', '2', 'NA', 'NA', 'NA', 'NA', 'NA', 'NA', 'NA', 'NA', 'NA', 'NA', '1', 'NA', '1', '1', '1', '1', 'NA', 'NA', 'NA', 'NA', 'NA', 'NA', 'NA', 'NA', 'NA', 'NA', 'NA', 'NA', 'NA', 'NA', 'NA', 'NA', 'NA', 'NA', 'NA', 'NA', 'NA', 'NA', 'NA', 'NA', 'NA', 'NA']"
41,"['0', '1', '2', '3', '9']","['1', '2']","['3', '4']","['5', '6']","['8', '9']",Success,"['2', '2', '2', '2', '2', '2', '2', '2', 'NA', 'NA', 'NA', 'NA', 'NA', 'NA', 'NA', 'NA', 'NA', 'NA', '1', 'NA', '1', '1', '1', '1', 'NA', 'NA', 'NA', 'NA', 'NA', 'NA', 'NA', 'NA', 'NA', 'NA', 'NA', 'NA', 'NA', 'NA', 'NA', 'NA', 'NA', 'NA', 'NA', 'NA', 'NA', 'NA', 'NA', 'NA', 'NA', 'NA']"
42,Flagged,Flagged,Flagged,Flagged,Flagged,Question Detection/Page Detection Error,Flagged
43,Flagged,Flagged,Flagged,Flagged,Flagged,Question Detection/Page Detection Error,Flagged
44,"['0', '1', '2', '3', '9']","['1', '2']","['3', '4']","['5', '6']","['8', '9']",Success,"['2', '2', '2', '2', '2', '2', '2', '2', 'NA', 'NA', 'NA', 'NA', 'NA', 'NA', 'NA', 'NA', 'NA', 'NA', '1', 'NA', '1', '1', '1', '1', 'NA', 'NA', 'NA', 'NA', 'NA', 'NA', 'NA', 'NA', 'NA', 'NA', 'NA', 'NA', 'NA', 'NA', 'NA', 'NA', 'NA', 'NA', 'NA', 'NA', 'NA', 'NA', 'NA', 'NA', 'NA', 'NA']"
45,"['0', '1', '2', '3', '9']","['1', '2']","['3', '4']","['5', '6']","['8', '9']",Success,"['2', '2', '2', '2', '2', '2', '2', '2', 'NA', 'NA', 'NA', 'NA', 'NA', 'NA', 'NA', 'NA', 'NA', 'NA', '1', 'NA', '1', '1', '1', '1', 'NA', 'NA', 'NA', 'NA', 'NA', 'NA', 'NA', 'NA', 'NA', 'NA', 'NA', 'NA', 'NA', 'NA', 'NA', 'NA', 'NA', 'NA', 'NA', 'NA', 'NA', 'NA', 'NA', 'NA', 'NA', 'NA']"
46,Flagged,Flagged,Flagged,Flagged,Flagged,Question Detection/Page Detection Error,Flagged
47,Flagged,Flagged,Flagged,Flagged,Flagged,Question Detection/Page Detection Error,Flagged
48,"['0', '1', '2', '3', '9']","['1', '2']","['3', '4']","['5', '6']","['8', '9']",Success,"['2', '2', '2', '2', '2', '2', '2', '2', 'NA', 'NA', 'NA', 'NA', 'NA', 'NA', 'NA', 'NA', 'NA', 'NA', '1', 'NA', '1', '1', '1', '1', 'NA', 'NA', 'NA', 'NA', 'NA', 'NA', 'NA', 'NA', 'NA', 'NA', 'NA', 'NA', 'NA', 'NA', 'NA', 'NA', 'NA', 'NA', 'NA', 'NA', 'NA', 'NA', 'NA', 'NA', 'NA', 'NA']"
49,"['0', '1', '2', '3', '9']","['1', '2']","['3', '4']","['5', '6']","['8', '9']",Success,"['2', '2', '2', '2', '2', '2', '2', '2', 'NA', 'NA', 'NA', 'NA', 'NA', 'NA', 'NA', 'NA', 'NA', 'NA', '1', 'NA', '1', '1', '1', '1', 'NA', 'NA', 'NA', 'NA', 'NA', 'NA', 'NA', 'NA', 'NA', 'NA', 'NA', 'NA', 'NA', 'NA', 'NA', 'NA', 'NA', 'NA', 'NA', 'NA', 'NA', 'NA', 'NA', 'NA', 'NA', 'NA']"
50,"['0', '1', '2', '3', '9']","['1', '2']","['3', '4']","['5', '6']","['8', '9']",Success,"['2', '2', '2', '2', '2', '2', '2', '2', 'NA', 'NA', 'NA', 'NA', 'NA', 'NA', 'NA', 'NA', 'NA', 'NA', '1', 'NA', '1', '1', '1', '1', 'NA', 'NA', 'NA', 'NA', 'NA', 'NA', 'NA', 'NA', 'NA', 'NA', 'NA', 'NA', 'NA', 'NA', 'NA', 'NA', 'NA', 'NA', 'NA', 'NA', 'NA', 'NA', 'NA', 'NA', 'NA', 'NA']"
51,"['0', '1', '2', '3', '9']","['1', '2']","['3', '4']","['5', '6']","['8', '9']",Success,"['2', '2', '2', '2', '2', '2', '2', '2', 'NA', 'NA', 'NA', 'NA', 'NA', 'NA', 'NA', 'NA', 'NA', 'NA', '1', 'NA', '1', '1', '1', '1', 'NA', 'NA', 'NA', 'NA', 'NA', 'NA', 'NA', 'NA', 'NA', 'NA', 'NA', 'NA', 'NA', 'NA', 'NA', 'NA', 'NA', 'NA', 'NA', 'NA', 'NA', 'NA', 'NA', 'NA', 'NA', 'NA']"
52,"['0', '1', '2', '3', '9']","['1', '2']","['3', '4']","['5', '6']","['8', '9']",Success,"['2', '2', '2', '2', '2', '2', '2', '2', 'NA', 'NA', 'NA', 'NA', 'NA', 'NA', 'NA', 'NA', 'NA', 'NA', '1', 'NA', '1', '1', '1', '1', 'NA', 'NA', 'NA', 'NA', 'NA', 'NA', 'NA', 'NA', 'NA', 'NA', 'NA', 'NA', 'NA', 'NA', 'NA', 'NA', 'NA', 'NA', 'NA', 'NA', 'NA', 'NA', 'NA', 'NA', 'NA', 'NA']"
53,"['0', '1', '2', '3', '9']","['1', '2']","['3', '4']","['5', '6']","['8', '9']",Success,"['2', '2', '2', '2', '2', '2', '2', '2', 'NA', 'NA', 'NA', 'NA', 'NA', 'NA', 'NA', 'NA', 'NA', 'NA', '1', 'NA', '1', '1', '1', '1', 'NA', 'NA', 'NA', 'NA', 'NA', 'NA', 'NA', 'NA', 'NA', 'NA', 'NA', 'NA', 'NA', 'NA', 'NA', 'NA', 'NA', 'NA', 'NA', 'NA', 'NA', 'NA', 'NA', 'NA', 'NA', 'NA']"
54,"['0', '1', '2', '3', '9']","['1', '2']","['3', '4']","['5', '6']","['8', '9']",Success,"['2', '2', '2', '2', '2', '2', '2', '2', 'NA', 'NA', 'NA', 'NA', 'NA', 'NA', 'NA', 'NA', 'NA', 'NA', '1', 'NA', '1', '1', '1', '1', 'NA', 'NA', 'NA', 'NA', 'NA', 'NA', 'NA', 'NA', 'NA', 'NA', 'NA', 'NA', 'NA', 'NA', 'NA', 'NA', 'NA', 'NA', 'NA', 'NA', 'NA', 'NA', 'NA', 'NA', 'NA', 'NA']"
55,"['0', '1', '2', '3', '9']","['1', '2']","['3', '4']","['5', '6']","['8', '9']",Success,"['2', '2', '2', '2', '2', '2', '2', '2', 'NA', 'NA', 'NA', 'NA', 'NA', 'NA', 'NA', 'NA', 'NA', 'NA', '1', 'NA', '1', '1', '1', '1', 'NA', 'NA', 'NA', 'NA', 'NA', 'NA', 'NA', 'NA', 'NA', 'NA', 'NA', 'NA', 'NA', 'NA', 'NA', 'NA', 'NA', 'NA', 'NA', 'NA', 'NA', 'NA', 'NA', 'NA', 'NA', 'NA']"
56,"['0', '1', '2', '3', '9']","['1', '2']","['3', '4']","['5', '6']","['8', '9']",Success,"['2', '2', '2', '2', '2', '2', '2', '2', 'NA', 'NA', 'NA', 'NA', 'NA', 'NA', 'NA', 'NA', 'NA', 'NA', '1', 'NA', '1', '1', '1', '1', 'NA', 'NA', 'NA', 'NA', 'NA', 'NA', 'NA', 'NA', 'NA', 'NA', 'NA', 'NA', 'NA', 'NA', 'NA', 'NA', 'NA', 'NA', 'NA', 'NA', 'NA', 'NA', 'NA', 'NA', 'NA', 'NA']"
57,"['0', '1', '2', '3', '9']","['1', '2']","['3', '4']","['5', '6']","['8', '9']",Success,"['2', '2', '2', '2', '2', '2', '2', '2', 'NA', 'NA', 'NA', 'NA', 'NA', 'NA', 'NA', 'NA', 'NA', 'NA', '1', 'NA', '1', '1', '1', '1', 'NA', 'NA', 'NA', 'NA', 'NA', 'NA', 'NA', 'NA', 'NA', 'NA', 'NA', 'NA', 'NA', 'NA', 'NA', 'NA', 'NA', 'NA', 'NA', 'NA', 'NA', 'NA', 'NA', 'NA', 'NA', 'NA']"
58,"['0', '1', '2', '3', '9']","['1', '2']","['3', '4']","['5', '6']","['8', '9']",Success,"['2', '2', '2', '2', '2', '2', '2', '2', 'NA', 'NA', 'NA', 'NA', 'NA', 'NA', 'NA', 'NA', 'NA', 'NA', '1', 'NA', '1', '1', '1', '1', 'NA', 'NA', 'NA', 'NA', 'NA', 'NA', 'NA', 'NA', 'NA', 'NA', 'NA', 'NA', 'NA', 'NA', 'NA', 'NA', 'NA', 'NA', 'NA', 'NA', 'NA', 'NA', 'NA', 'NA', 'NA', 'NA']"
59,"['0', '1', '2', '3', '9']","['1', '2']","['3', '4']","['5', '6']","['8', '9']",Success,"['2', '0', '1', '1', '1', '1', '2', '1', 'NA', 'NA', 'NA', 'NA', 'NA', 'NA', 'NA', 'NA', 'NA', 'NA', '1', 'NA', '1', '1', '1', '1', 'NA', 'NA', 'NA', 'NA', 'NA', 'NA', 'NA', 'NA', 'NA', 'NA', 'NA', 'NA', 'NA', 'NA', 'NA', 'NA', 'NA', 'NA', 'NA', 'NA', 'NA', 'NA', 'NA', 'NA', 'NA', 'NA']"
60,"['0', '1', '2', '3', '9']","['1', '2']","['3', '4']","['5', '6']","['8', '9']",Success,"['2', '2', '2', '2', '2', '2', '2', '2', 'NA', 'NA', 'NA', 'NA', 'NA', 'NA', 'NA', 'NA', 'NA', 'NA', '1', 'NA', '1', '1', '1', '1', 'NA', 'NA', 'NA', 'NA', 'NA', 'NA', 'NA', 'NA', 'NA', 'NA', 'NA', 'NA', 'NA', 'NA', 'NA', 'NA', 'NA', 'NA', 'NA', 'NA', 'NA', 'NA', 'NA', 'NA', 'NA', 'NA']"
61,"['0', '1', '2', '3', '9']","['1', '2']","['3', '4']","['5', '6']","['8', '9']",Success,"['2', '2', '2', '2', '2', '2', '2', '2', 'NA', 'NA', 'NA', 'NA', 'NA', 'NA', 'NA', 'NA', 'NA', 'NA', '1', 'NA', '1', '1', '1', '1', 'NA', 'NA', 'NA', 'NA', 'NA', 'NA', 'NA', 'NA', 'NA', 'NA', 'NA', 'NA', 'NA', 'NA', 'NA', 'NA', 'NA', 'NA', 'NA', 'NA', 'NA', 'NA', 'NA', 'NA', 'NA', 'NA']"
62,"['0', '1', '2', '3', '9']","['1', '2']","['3', '4']","['5', '6']","['8', '9']",Success,"['2', '2', '2', '2', '2', '2', '2', '2', 'NA', 'NA', 'NA', 'NA', 'NA', 'NA', 'NA', 'NA', 'NA', 'NA', '1', 'NA', '1', '1', '1', '1', 'NA', 'NA', 'NA', 'NA', 'NA', 'NA', 'NA', 'NA', 'NA', 'NA', 'NA', 'NA', 'NA', 'NA', 'NA', 'NA', 'NA', 'NA', 'NA', 'NA', 'NA', 'NA', 'NA', 'NA', 'NA', 'NA']"
63,"['0', '1', '2', '3', '9']","['1', '2']","['3', '4']","['5', '6']","['8', '9']",Success,"['2', '2', '2', '2', '2', '2', '2', '2', 'NA', 'NA', 'NA', 'NA', 'NA', 'NA', 'NA', 'NA', 'NA', 'NA', '1', 'NA', '1', '1', '1', '1', 'NA', 'NA', 'NA', 'NA', 'NA', 'NA', 'NA', 'NA', 'NA', 'NA', 'NA', 'NA', 'NA', 'NA', 'NA', 'NA', 'NA', 'NA', 'NA', 'NA', 'NA', 'NA', 'NA', 'NA', 'NA', 'NA']"
64,"['0', '1', '2', '3', '9']","['1', '2']","['3', '4']","['5', '6']","['8', '9']",Success,"['2', '2', '2', '2', '2', '2', '2', '2', 'NA', 'NA', 'NA', 'NA', 'NA', 'NA', 'NA', 'NA', 'NA', 'NA', '1', 'NA', '1', '1', '1', '1', 'NA', 'NA', 'NA', 'NA', 'NA', 'NA', 'NA', 'NA', 'NA', 'NA', 'NA', 'NA', 'NA', 'NA', 'NA', 'NA', 'NA', 'NA', 'NA', 'NA', 'NA', 'NA', 'NA', 'NA', 'NA', 'NA']"
65,"['0', '1', '2', '3', '9']","['1', '2']","['3', '4']","['5', '6']","['8', '9']",Success,"['2', '2', '2', '2', '2', '2', '2', '2', 'NA', 'NA', 'NA', 'NA', 'NA', 'NA', 'NA', 'NA', 'NA', 'NA', '1', 'NA', '1', '1', '1', '1', 'NA', 'NA', 'NA', 'NA', 'NA', 'NA', 'NA', 'NA', 'NA', 'NA', 'NA', 'NA', 'NA', 'NA', 'NA', 'NA', 'NA', 'NA', 'NA', 'NA', 'NA', 'NA', 'NA', 'NA', 'NA', 'NA']"
66,Flagged,Flagged,Flagged,Flagged,Flagged,Question Detection/Page Detection Error,Flagged
67,Flagged,Flagged,Flagged,Flagged,Flagged,Question Detection/Page Detection Error,Flagged
68,Flagged,Flagged,Flagged,Flagged,Flagged,Question Detection/Page Detection Error,Flagged
69,Flagged,Flagged,Flagged,Flagged,Flagged,Question Detection/Page Detection Error,Flagged
70,Flagged,Flagged,Flagged,Flagged,Flagged,Question Detection/Page Detection Error,Flagged
71,"['0', '1', '2', '3', '9']","['1', '2']","['3', '4']","['5', '6']","['8', '9']",Success,"['2', '2', '2', '2', '2', '2', '2', '2', 'NA', 'NA', 'NA', 'NA', 'NA', 'NA', 'NA', 'NA', 'NA', 'NA', '1', 'NA', '1', '1', '1', '1', 'NA', 'NA', 'NA', 'NA', 'NA', 'NA', 'NA', 'NA', 'NA', 'NA', 'NA', 'NA', 'NA', 'NA', 'NA', 'NA', 'NA', 'NA', 'NA', 'NA', 'NA', 'NA', 'NA', 'NA', 'NA', 'NA']"
72,Flagged,Flagged,Flagged,Flagged,Flagged,Question Detection/Page Detection Error,Flagged
73,"['0', '1', '2', '3', '9']","['1', '2']","['3', '4']","['5', '6']","['8', '9']",Success,"['2', '2', '2', '2', '2', '2', '2', '2', 'NA', 'NA', 'NA', 'NA', 'NA', 'NA', 'NA', 'NA', 'NA', 'NA', '1', 'NA', '1', '1', '1', '1', 'NA', 'NA', 'NA', 'NA', 'NA', 'NA', 'NA', 'NA', 'NA', 'NA', 'NA', 'NA', 'NA', 'NA', 'NA', 'NA', 'NA', 'NA', 'NA', 'NA', 'NA', 'NA', 'NA', 'NA', 'NA', 'NA']"
74,"['0', '1', '2', '3', '9']","['1', '2']","['3', '4']","['5', '6']","['8', '9']",Success,"['2', '2', '2', '2', '2', '2', '2', '2', 'NA', 'NA', 'NA', 'NA', 'NA', 'NA', 'NA', 'NA', 'NA', 'NA', '1', 'NA', '1', '1', '1', '1', 'NA', 'NA', 'NA', 'NA', 'NA', 'NA', 'NA', 'NA', 'NA', 'NA', 'NA', 'NA', 'NA', 'NA', 'NA', 'NA', 'NA', 'NA', 'NA', 'NA', 'NA', 'NA', 'NA', 'NA', 'NA', 'NA']"
75,"['0', '1', '2', '3', '9']","['1', '2']","['3', '4']","['5', '6']","['8', '9']",Success,"['2', '2', '2', '2', '2', '2', '2', '2', 'NA', 'NA', 'NA', 'NA', 'NA', 'NA', 'NA', 'NA', 'NA', 'NA', '1', 'NA', '1', '1', '1', '1', 'NA', 'NA', 'NA', 'NA', 'NA', 'NA', 'NA', 'NA', 'NA', 'NA', 'NA', 'NA', 'NA', 'NA', 'NA', 'NA', 'NA', 'NA', 'NA', 'NA', 'NA', 'NA', 'NA', 'NA', 'NA', 'NA']"
76,Flagged,Flagged,Flagged,Flagged,Flagged,Question Detection/Page Detection Error,Flagged
77,"['0', '1', '2', '3', '9']","['1', '2']","['3', '4']","['5', '6']","['8', '9']",Success,"['2', '2', '2', '2', '2', '2', '2', '2', 'NA', 'NA', 'NA', 'NA', 'NA', 'NA', 'NA', 'NA', 'NA', 'NA', '1', 'NA', '1', '1', '1', '1', 'NA', 'NA', 'NA', 'NA', 'NA', 'NA', 'NA', 'NA', 'NA', 'NA', 'NA', 'NA', 'NA', 'NA', 'NA', 'NA', 'NA', 'NA', 'NA', 'NA', 'NA', 'NA', 'NA', 'NA', 'NA', 'NA']"
78,"['0', '1', '2', '3', '9']","['1', '2']","['3', '4']","['5', '6']","['8', '9']",Success,"['2', '2', '2', '2', '2', '2', '2', '2', 'NA', 'NA', 'NA', 'NA', 'NA', 'NA', 'NA', 'NA', 'NA', 'NA', '1', 'NA', '1', '1', '1', '1', 'NA', 'NA', 'NA', 'NA', 'NA', 'NA', 'NA', 'NA', 'NA', 'NA', 'NA', 'NA', 'NA', 'NA', 'NA', 'NA', 'NA', 'NA', 'NA', 'NA', 'NA', 'NA', 'NA', 'NA', 'NA', 'NA']"
79,"['0', '1', '2', '3', '9']","['1', '2']","['3', '4']","['5', '6']","['8', '9']",Success,"['2', '2', '2', '2', '2', '2', '2', '2', 'NA', 'NA', 'NA', 'NA', 'NA', 'NA', 'NA', 'NA', 'NA', 'NA', '1', 'NA', '1', '1', '1', '1', 'NA', 'NA', 'NA', 'NA', 'NA', 'NA', 'NA', 'NA', 'NA', 'NA', 'NA', 'NA', 'NA', 'NA', 'NA', 'NA', 'NA', 'NA', 'NA', 'NA', 'NA', 'NA', 'NA', 'NA', 'NA', 'NA']"
80,"['0', '1', '2', '3', '9']","['1', '2']","['3', '4']","['5', '6']","['8', '9']",Success,"['2', '2', '2', '2', '2', '2', '2', '2', 'NA', 'NA', 'NA', 'NA', 'NA', 'NA', 'NA', 'NA', 'NA', 'NA', '1', 'NA', '1', '1', '1', '1', 'NA', 'NA', 'NA', 'NA', 'NA', 'NA', 'NA', 'NA', 'NA', 'NA', 'NA', 'NA', 'NA', 'NA', 'NA', 'NA', 'NA', 'NA', 'NA', 'NA', 'NA', 'NA', 'NA', 'NA', 'NA', 'NA']"
81,"['0', '1', '2', '3', '9']","['1', '2']","['3', '4']","['5', '6']","['8', '9']",Success,"['2', '2', '2', '2', '2', '2', '2', '2', 'NA', 'NA', 'NA', 'NA', 'NA', 'NA', 'NA', 'NA', 'NA', 'NA', '1', 'NA', '1', '1', '1', '1', 'NA', 'NA', 'NA', 'NA', 'NA', 'NA', 'NA', 'NA', 'NA', 'NA', 'NA', 'NA', 'NA', 'NA', 'NA', 'NA', 'NA', 'NA', 'NA', 'NA', 'NA', 'NA', 'NA', 'NA', 'NA', 'NA']"
82,"['0', '1', '2', '3', '9']","['1', '2']","['3', '4']","['5', '6']","['8', '9']",Success,"['2', '2', '2', '2', '2', '2', '2', '2', 'NA', 'NA', 'NA', 'NA', 'NA', 'NA', 'NA', 'NA', 'NA', 'NA', '1', 'NA', '1', '1', '1', '1', 'NA', 'NA', 'NA', 'NA', 'NA', 'NA', 'NA', 'NA', 'NA', 'NA', 'NA', 'NA', 'NA', 'NA', 'NA', 'NA', 'NA', 'NA', 'NA', 'NA', 'NA', 'NA', 'NA', 'NA', 'NA', 'NA']"
83,"['0', '1', '2', '3', '9']","['1', '2']","['3', '4']","['5', '6']","['8', '9']",Success,"['2', '2', '2', '2', '2', '2', '2', '2', 'NA', 'NA', 'NA', 'NA', 'NA', 'NA', 'NA', 'NA', 'NA', 'NA', '1', 'NA', '1', '1', '1', '1', 'NA', 'NA', 'NA', 'NA', 'NA', 'NA', 'NA', 'NA', 'NA', 'NA', 'NA', 'NA', 'NA', 'NA', 'NA', 'NA', 'NA', 'NA', 'NA', 'NA', 'NA', 'NA', 'NA', 'NA', 'NA', 'NA']"
84,"['0', '1', '2', '3', '9']","['1', '2']","['3', '4']","['5', '6']","['8', '9']",Success,"['2', '2', '2', '2', '2', '2', '2', '2', 'NA', 'NA', 'NA', 'NA', 'NA', 'NA', 'NA', 'NA', 'NA', 'NA', '1', 'NA', '1', '1', '1', '1', 'NA', 'NA', 'NA', 'NA', 'NA', 'NA', 'NA', 'NA', 'NA', 'NA', 'NA', 'NA', 'NA', 'NA', 'NA', 'NA', 'NA', 'NA', 'NA', 'NA', 'NA', 'NA', 'NA', 'NA', 'NA', 'NA']"
85,"['0', '1', '2', '3', '9']","['1', '2']","['3', '4']","['5', '6']","['8', '9']",Success,"['2', '2', '2', '2', '2', '2', '2', '2', 'NA', 'NA', 'NA', 'NA', 'NA', 'NA', 'NA', 'NA', 'NA', 'NA', '1', 'NA', '1', '1', '1', '1', 'NA', 'NA', 'NA', 'NA', 'NA', 'NA', 'NA', 'NA', 'NA', 'NA', 'NA', 'NA', 'NA', 'NA', 'NA', 'NA', 'NA', 'NA', 'NA', 'NA', 'NA', 'NA', 'NA', 'NA', 'NA', 'NA']"
86,"['0', '1', '2', '3', '9']","['1', '2']","['3', '4']","['5', '6']","['8', '9']",Success,"['2', '2', '2', '2', '2', '2', '2', '2', 'NA', 'NA', 'NA', 'NA', 'NA', 'NA', 'NA', 'NA', 'NA', 'NA', '1', 'NA', '1', '1', '1', '1', 'NA', 'NA', 'NA', 'NA', 'NA', 'NA', 'NA', 'NA', 'NA', 'NA', 'NA', 'NA', 'NA', 'NA', 'NA', 'NA', 'NA', 'NA', 'NA', 'NA', 'NA', 'NA', 'NA', 'NA', 'NA', 'NA']"
87,"['0', '1', '2', '3', '9']","['1', '2']","['3', '4']","['5', '6']","['8', '9']",Success,"['2', '2', '2', '2', '2', '2', '2', '2', 'NA', 'NA', 'NA', 'NA', 'NA', 'NA', 'NA', 'NA', 'NA', 'NA', '1', 'NA', '1', '1', '1', '1', 'NA', 'NA', 'NA', 'NA', 'NA', 'NA', 'NA', 'NA', 'NA', 'NA', 'NA', 'NA', 'NA', 'NA', 'NA', 'NA', 'NA', 'NA', 'NA', 'NA', 'NA', 'NA', 'NA', 'NA', 'NA', 'NA']"
88,"['0', '1', '2', '3', '9']","['1', '2']","['3', '4']","['5', '6']","['8', '9']",Success,"['2', '2', '2', '2', '2', '2', '2', '2', 'NA', 'NA', 'NA', 'NA', 'NA', 'NA', 'NA', 'NA', 'NA', 'NA', '1', 'NA', '1', '1', '1', '1', 'NA', 'NA', 'NA', 'NA', 'NA', 'NA', 'NA', 'NA', 'NA', 'NA', 'NA', 'NA', 'NA', 'NA', 'NA', 'NA', 'NA', 'NA', 'NA', 'NA', 'NA', 'NA', 'NA', 'NA', 'NA', 'NA']"
89,"['0', '1', '2', '3', '9']","['1', '2']","['3', '4']","['5', '6']","['8', '9']",Success,"['2', '2', '2', '2', '2', '2', '2', '2', 'NA', 'NA', 'NA', 'NA', 'NA', 'NA', 'NA', 'NA', 'NA', 'NA', '1', 'NA', '1', '1', '1', '1', 'NA', 'NA', 'NA', 'NA', 'NA', 'NA', 'NA', 'NA', 'NA', 'NA', 'NA', 'NA', 'NA', 'NA', 'NA', 'NA', 'NA', 'NA', 'NA', 'NA', 'NA', 'NA', 'NA', 'NA', 'NA', 'NA']"
90,"['0', '1', '2', '3', '9']","['1', '2']","['3', '4']","['5', '6']","['8', '9']",Success,"['2', '2', '2', '2', '2', '2', '2', '2', 'NA', 'NA', 'NA', 'NA', 'NA', 'NA', 'NA', 'NA', 'NA', 'NA', '1', 'NA', '1', '1', '1', '1', 'NA', 'NA', 'NA', 'NA', 'NA', 'NA', 'NA', 'NA', 'NA', 'NA', 'NA', 'NA', 'NA', 'NA', 'NA', 'NA', 'NA', 'NA', 'NA', 'NA', 'NA', 'NA', 'NA', 'NA', 'NA', 'NA']"
91,"['0', '1', '2', '3', '9']","['1', '2']","['3', '4']","['5', '6']","['8', '9']",Success,"['2', '2', '2', '2', '2', '2', '2', '2', 'NA', 'NA', 'NA', 'NA', 'NA', 'NA', 'NA', 'NA', 'NA', 'NA', '1', 'NA', '1', '1', '1', '1', 'NA', 'NA', 'NA', 'NA', 'NA', 'NA', 'NA', 'NA', 'NA', 'NA', 'NA', 'NA', 'NA', 'NA', 'NA', 'NA', 'NA', 'NA', 'NA', 'NA', 'NA', 'NA', 'NA', 'NA', 'NA', 'NA']"
92,Flagged,Flagged,Flagged,Flagged,Flagged,Question Detection/Page Detection Error,Flagged
93,"['0', '1', '2', '3', '9']","['1', '2']","['3', '4']","['5', '6']","['8', '9']",Success,"['2', '2', '2', '2', '2', '2', '2', '2', 'NA', 'NA', 'NA', 'NA', 'NA', 'NA', 'NA', 'NA', 'NA', 'NA', '1', 'NA', '1', '1', '1', '1', 'NA', 'NA', 'NA', 'NA', 'NA', 'NA', 'NA', 'NA', 'NA', 'NA', 'NA', 'NA', 'NA', 'NA', 'NA', 'NA', 'NA', 'NA', 'NA', 'NA', 'NA', 'NA', 'NA', 'NA', 'NA', 'NA']"
94,"['0', '1', '2', '3', '9']","['1', '2']","['3', '4']","['5', '6']","['8', '9']",Success,"['2', '2', '2', '2', '2', '2', '2', '2', 'NA', 'NA', 'NA', 'NA', 'NA', 'NA', 'NA', 'NA', 'NA', 'NA', '1', 'NA', '1', '1', '1', '1', 'NA', 'NA', 'NA', 'NA', 'NA', 'NA', 'NA', 'NA', 'NA', 'NA', 'NA', 'NA', 'NA', 'NA', 'NA', 'NA', 'NA', 'NA', 'NA', 'NA', 'NA', 'NA', 'NA', 'NA', 'NA', 'NA']"
95,"['0', '1', '2', '3', '9']","['1', '2']","['3', '4']","['5', '6']","['8', '9']",Success,"['2', '2', '2', '2', '2', '2', '2', '2', 'NA', 'NA', 'NA', 'NA', 'NA', 'NA', 'NA', 'NA', 'NA', 'NA', '1', 'NA', '1', '1', '1', '1', 'NA', 'NA', 'NA', 'NA', 'NA', 'NA', 'NA', 'NA', 'NA', 'NA', 'NA', 'NA', 'NA', 'NA', 'NA', 'NA', 'NA', 'NA', 'NA', 'NA', 'NA', 'NA', 'NA', 'NA', 'NA', 'NA']"
96,"['0', '1', '2', '3', '9']","['1', '2']","['3', '4']","['5', '6']","['8', '9']",Success,"['2', '2', '2', '2', '2', '2', '2', '2', 'NA', 'NA', 'NA', 'NA', 'NA', 'NA', 'NA', 'NA', 'NA', 'NA', '1', 'NA', '1', '1', '1', '1', 'NA', 'NA', 'NA', 'NA', 'NA', 'NA', 'NA', 'NA', 'NA', 'NA', 'NA', 'NA', 'NA', 'NA', 'NA', 'NA', 'NA', 'NA', 'NA', 'NA', 'NA', 'NA', 'NA', 'NA', 'NA', 'NA']"
97,"['0', '1', '2', '3', '9']","['1', '2']","['3', '4']","['5', '6']","['8', '9']",Success,"['2', '2', '2', '2', '2', '2', '2', '2', 'NA', 'NA', 'NA', 'NA', 'NA', 'NA', 'NA', 'NA', 'NA', 'NA', '1', 'NA', '1', '1', '1', '1', 'NA', 'NA', 'NA', 'NA', 'NA', 'NA', 'NA', 'NA', 'NA', 'NA', 'NA', 'NA', 'NA', 'NA', 'NA', 'NA', 'NA', 'NA', 'NA', 'NA', 'NA', 'NA', 'NA', 'NA', 'NA', 'NA']"
98,Flagged,Flagged,Flagged,Flagged,Flagged,Question Detection/Page Detection Error,Flagged
99,"['0', '1', '2', '3', '9']","['1', '2']","['3', '4']","['5', '6']","['8', '9']",Success,"['2', '2', '2', '2', '2', '2', '2', '2', 'NA', 'NA', 'NA', 'NA', 'NA', 'NA', 'NA', 'NA', 'NA', 'NA', '1', 'NA', '1', '1', '1', '1', 'NA', 'NA', 'NA', 'NA', 'NA', 'NA', 'NA', 'NA', 'NA', 'NA', 'NA', 'NA', 'NA', 'NA', 'NA', 'NA', 'NA', 'NA', 'NA', 'NA', 'NA', 'NA', 'NA', 'NA', 'NA', 'NA']"
100,"['0', '1', '2', '3', '9']","['1', '2']","['3', '4']","['5', '6']","['8', '9']",Success,"['2', '2', '2', '2', '2', '2', '2', '2', 'NA', 'NA', 'NA', 'NA', 'NA', 'NA', 'NA', 'NA', 'NA', 'NA', '1', 'NA', '1', '1', '1', '1', 'NA', 'NA', 'NA', 'NA', 'NA', 'NA', 'NA', 'NA', 'NA', 'NA', 'NA', 'NA', 'NA', 'NA', 'NA', 'NA', 'NA', 'NA', 'NA', 'NA', 'NA', 'NA', 'NA', 'NA', 'NA', 'NA']"
101,"['0', '1', '2', '3', '9']","['1', '2']","['3', '4']","['5', '6']","['8', '9']",Success,"['2', '2', '2', '2', '2', '2', '2', '2', 'NA', 'NA', 'NA', 'NA', 'NA', 'NA', 'NA', 'NA', 'NA', 'NA', '1', 'NA', '1', '1', '1', '1', 'NA', 'NA', 'NA', 'NA', 'NA', 'NA', 'NA', 'NA', 'NA', 'NA', 'NA', 'NA', 'NA', 'NA', 'NA', 'NA', 'NA', 'NA', 'NA', 'NA', 'NA', 'NA', 'NA', 'NA', 'NA', 'NA']"
102,"['0', '1', '2', '3', '9']","['1', '2']","['3', '4']","['5', '6']","['8', '9']",Success,"['2', '2', '2', '2', '2', '2', '2', '2', 'NA', 'NA', 'NA', 'NA', 'NA', 'NA', 'NA', 'NA', 'NA', 'NA', '1', 'NA', '1', '1', '1', '1', 'NA', 'NA', 'NA', 'NA', 'NA', 'NA', 'NA', 'NA', 'NA', 'NA', 'NA', 'NA', 'NA', 'NA', 'NA', 'NA', 'NA', 'NA', 'NA', 'NA', 'NA', 'NA', 'NA', 'NA', 'NA', 'NA']"
103,"['0', '1', '2', '3', '9']","['1', '2']","['3', '4']","['5', '6']","['8', '9']",Success,"['2', '2', '2', '2', '2', '2', '2', '2', 'NA', 'NA', 'NA', 'NA', 'NA', 'NA', 'NA', 'NA', 'NA', 'NA', '1', 'NA', '1', '1', '1', '1', 'NA', 'NA', 'NA', 'NA', 'NA', 'NA', 'NA', 'NA', 'NA', 'NA', 'NA', 'NA', 'NA', 'NA', 'NA', 'NA', 'NA', 'NA', 'NA', 'NA', 'NA', 'NA', 'NA', 'NA', 'NA', 'NA']"
